id,price
103207,40042.96703704166
103208,119177.66959513225
103209,13684.936175440955
103210,9994.370226938197
103211,6312.515663536928
103212,2564.604246863506
103213,-5235.540784730409
103214,44668.93738645528
103215,65741.5697899465
103216,20637.178251406767
103217,118743.21516185673
103218,69131.92586876701
103219,5335.2447877581435
103220,98907.49098113524
103221,27898.314459009925
103222,43534.525573221064
103223,92916.1055949476
103224,95736.82332366047
103225,12272.80910602749
103226,63430.40239728118
103227,31608.06309526437
103228,45438.43744993519
103229,-11981.862242887022
103230,46006.83600920805
103231,59458.804301965254
103232,23539.339634304837
103233,36819.955064675334
103234,8660.922526653143
103235,21129.520896719703
103236,20834.259100851217
103237,36426.09959895766
103238,52499.547007304456
103239,37206.20712271142
103240,2715.5715457673577
103241,86112.01682213592
103242,81822.24283658601
103243,111093.87630908287
103244,11012.055633233118
103245,23343.72360121964
103246,-2598.42628005852
103247,15780.40550157626
103248,54247.950096980814
103249,40840.64544491582
103250,44711.5735866257
103251,16931.06016101155
103252,39945.98329141112
103253,24507.63162675115
103254,16946.278307081335
103255,91416.70540215039
103256,47709.454286972286
103257,117473.16550071977
103258,26220.27435985912
103259,4882.212829473967
103260,91132.88521171978
103261,77990.60512698433
103262,8766.765676603543
103263,44917.406560766845
103264,48558.66028409389
103265,9444.560212588738
103266,13432.803802575014
103267,50541.46925020826
103268,7751.163133267495
103269,18517.2902741825
103270,24006.60705983785
103271,46635.719964204734
103272,53250.20729323795
103273,41641.51861385916
103274,-1746.1651663705852
103275,41336.91708146379
103276,37227.5350656584
103277,12134.102289570175
103278,55260.15352343162
103279,65833.9094814108
103280,43645.063215704715
103281,61253.06127526614
103282,5874.979898205012
103283,62136.95860989959
103284,49503.529379256084
103285,7426.27433486723
103286,118529.05862168739
103287,36533.81981212326
103288,67616.59138061597
103289,49580.31957425452
103290,4898.546301663315
103291,24803.74839079003
103292,84476.59211308628
103293,73129.86890410227
103294,30420.625993234375
103295,45422.56642428403
103296,75181.56840507411
103297,36527.63471923458
103298,102031.93367707731
103299,92269.60596529444
103300,54063.803643198706
103301,18418.87779177197
103302,13431.168113615495
103303,28425.359102234852
103304,48207.4228430669
103305,28607.826233184926
103306,297183.034983587
103307,43800.17051416059
103308,22888.73648410785
103309,27161.612627634502
103310,91626.16127018674
103311,13141.860566537041
103312,33719.355640605885
103313,55637.66094954084
103314,26308.33142665041
103315,28783.378604655427
103316,48019.58094563171
103317,11580.17095497848
103318,31804.815155792392
103319,79310.85300078463
103320,-3967.8675384136877
103321,47528.26694101718
103322,6650.463721806991
103323,16733.067359719593
103324,115847.56661818191
103325,14050.423304251955
103326,34767.767750711784
103327,87990.8234711698
103328,34558.39654279548
103329,-8965.246738381422
103330,73671.3613212582
103331,84571.00839272611
103332,-26213.298927780692
103333,13532.974865156466
103334,997.4652838233887
103335,44018.92180485632
103336,29977.059593143676
103337,57015.611452117126
103338,9791.19262895466
103339,81508.71067141027
103340,89290.56625565632
103341,74959.55033846901
103342,-37227.25569777272
103343,13660.111357420094
103344,47934.554842087135
103345,25910.59674068442
103346,16248.214302188757
103347,8250.532812108766
103348,31608.441544356283
103349,59854.96462516047
103350,16203.441224377308
103351,2750.5610184071556
103352,34064.041698548855
103353,23139.635900248508
103354,31321.16538849471
103355,53101.698362603136
103356,9880.867458224464
103357,101746.09368219112
103358,64042.59153431081
103359,18077.40470767297
103360,40110.19417452934
103361,20064.821494504777
103362,70888.08841124765
103363,13791.681508395028
103364,11028.017309889641
103365,40725.39354085867
103366,4945.235040712883
103367,29497.455304687202
103368,49324.4468085137
103369,79911.42385620685
103370,17666.490522869724
103371,27515.403832447475
103372,53569.16505279044
103373,3243.736211006675
103374,30731.46568074673
103375,62638.506081270054
103376,68017.63412281785
103377,50450.8408400159
103378,31125.243588561665
103379,21152.507963090582
103380,17148.00344601984
103381,30850.270399371104
103382,177.3807504985307
103383,9675.601606343931
103384,48903.675448594004
103385,55868.1368971262
103386,11888.919436633936
103387,31963.082791296234
103388,56259.670998082576
103389,87435.60378793807
103390,39218.21484851065
103391,32887.59678537195
103392,21310.944953152186
103393,1411.79593919318
103394,20245.791548046695
103395,143832.97440168454
103396,71521.02741059374
103397,127921.89472883579
103398,41431.015768754296
103399,44528.73476453522
103400,23122.073956965705
103401,64281.15280713823
103402,32751.08275245003
103403,67343.46309766025
103404,59069.14124994818
103405,78698.571299653
103406,2464.190757612698
103407,50908.95324013333
103408,16041.675208397195
103409,53434.252008415424
103410,-4204.6228125949565
103411,43031.70479578722
103412,69808.99705958772
103413,59489.236341211625
103414,51810.0289689873
103415,39148.12663560896
103416,12301.095112826784
103417,47243.31434584498
103418,6162.2078907902105
103419,5518.315546362006
103420,22748.030951947025
103421,5157.170094887653
103422,55292.36520979056
103423,59040.915038223
103424,64403.74001695636
103425,17836.184327795752
103426,12959.798038168752
103427,29379.72748135498
103428,5201.41218137143
103429,21448.38805761322
103430,15706.073510027236
103431,38553.615241020074
103432,60498.106366658525
103433,4773.1921487436775
103434,51914.7530422247
103435,92272.54375296987
103436,110557.96818044351
103437,17430.60701870727
103438,19876.30901840765
103439,19053.40966410336
103440,28093.37508841674
103441,17210.819398765518
103442,45724.9236237493
103443,39438.50730801409
103444,22961.54107822344
103445,41213.51216069119
103446,104962.27929877077
103447,38598.15723188649
103448,42619.85052391031
103449,17350.942960622862
103450,45332.94423473022
103451,137404.33964980982
103452,92685.49489983768
103453,30228.709300452996
103454,35615.28767104155
103455,34509.58089871716
103456,44762.075778729704
103457,38283.14228962551
103458,25117.739652218377
103459,11967.1407251102
103460,41679.74472356968
103461,7736.521851430269
103462,27400.449759481104
103463,40956.8086117368
103464,36106.57143764111
103465,106430.78582529993
103466,22285.914175897728
103467,22671.229724776673
103468,19360.67724205698
103469,29394.443467654408
103470,26183.97370779347
103471,33250.807826673205
103472,38570.732306378544
103473,-1160.3236601925455
103474,39542.82682614753
103475,130781.53997053034
103476,24126.546956359387
103477,22119.496382166144
103478,298.9060330741486
103479,23380.005810719827
103480,17734.298081530535
103481,1949.3505712944316
103482,-1257.399098071648
103483,21217.037287272564
103484,10981.644737319264
103485,36709.26865518498
103486,54868.70687189742
103487,60575.716681133286
103488,2328.7059695162898
103489,40318.595726222
103490,-6700.766342297167
103491,9224.42987376522
103492,108787.19731944981
103493,48455.12725870817
103494,6990.248578104147
103495,5527.059417080745
103496,43241.12044282759
103497,36086.84719614898
103498,39046.356353064766
103499,85623.85806724484
103500,45958.99737260485
103501,49927.34700640738
103502,672.5290454415081
103503,69223.30313227704
103504,44273.21020266096
103505,44296.87311118277
103506,135692.25485770634
103507,13477.080898405922
103508,85293.49953656766
103509,36298.723578781784
103510,41161.13439840851
103511,4784.871204856412
103512,109662.654753582
103513,40388.58466025732
103514,49245.00303382068
103515,37077.444080803674
103516,-2232.785412072306
103517,25719.250705719605
103518,47195.54329932861
103519,2287.272331957676
103520,-3690.203594972445
103521,54433.95149703687
103522,21389.559534828033
103523,52922.52315856652
103524,16861.827938344315
103525,114878.51943932642
103526,40517.588035463494
103527,41659.32883029556
103528,15093.423804297112
103529,29755.317695248297
103530,203395.69554872086
103531,-8592.53458586018
103532,108713.4166707361
103533,15176.726602825838
103534,49008.397282287595
103535,111468.92815513232
103536,34612.001752894095
103537,13218.440480049052
103538,75112.65943384924
103539,67002.68337521557
103540,49908.6462239729
103541,18731.54791385576
103542,45203.925320941074
103543,143019.47117412448
103544,39945.37348390797
103545,72762.84418692687
103546,34722.87087123559
103547,40889.7808693563
103548,38061.96782202168
103549,52979.07108036554
103550,15908.26503518883
103551,2594.5673220295575
103552,60410.16504949522
103553,63361.66959402275
103554,43540.291813137665
103555,15698.635766832052
103556,2619.0694684354967
103557,103750.34001605633
103558,111434.51997140553
103559,131829.04313726863
103560,50054.03503092274
103561,20301.76228340766
103562,50781.47194365742
103563,-6104.817762677827
103564,63805.06371435807
103565,135674.28449363203
103566,44279.337819646564
103567,1075.8176883137494
103568,38327.45523349146
103569,91808.05198648013
103570,53325.273419650846
103571,115285.71247256981
103572,66227.78050192718
103573,59144.396472989974
103574,67276.13392697826
103575,34133.92035026
103576,15300.085880392453
103577,13293.592334139219
103578,85423.613652123
103579,34105.05826357125
103580,-2002.005772957331
103581,36040.520074025546
103582,61033.334934176404
103583,50612.77665195832
103584,111268.78908777429
103585,147198.10654539746
103586,702.2742282618274
103587,47241.785204504406
103588,62374.89929925195
103589,90621.5350778342
103590,57365.42511314742
103591,6298.676011486386
103592,55033.78318273924
103593,59052.630288303306
103594,28792.61282739099
103595,40538.7131033577
103596,64465.836149430106
103597,27110.628644213408
103598,15513.751276641637
103599,61028.22373911587
103600,7726.244092863584
103601,25336.248174866945
103602,12205.664893823137
103603,15891.620975647682
103604,6305.444911787381
103605,32910.34180010126
103606,58850.53068367297
103607,25800.337898868023
103608,47930.259370772204
103609,24100.439088142295
103610,41925.08465718249
103611,68475.84054580673
103612,9785.61786531211
103613,82911.0358653256
103614,27256.697619660437
103615,160950.10845460853
103616,52632.32382998262
103617,3526.072036323545
103618,19642.1159265029
103619,49536.52325267486
103620,-14583.989231470041
103621,63029.95499147277
103622,28372.027525799786
103623,71964.52381291003
103624,12630.533782206883
103625,26785.69847360804
103626,69805.1803925397
103627,72987.54697811602
103628,-3542.041588680295
103629,31863.69159875138
103630,8119.868662796143
103631,49620.60936464743
103632,2382.680971483016
103633,62970.52875639194
103634,30302.265681370063
103635,30981.231119387707
103636,15305.680523692703
103637,-1316.6387669683609
103638,26955.410046545843
103639,52029.90050676084
103640,6404.40724943157
103641,-3696.392105151652
103642,52297.14019136034
103643,32589.683958453395
103644,10323.504364371373
103645,22604.19612283566
103646,7009.865427130149
103647,24760.98864982555
103648,87926.13884013197
103649,11636.245194171206
103650,10739.969141847345
103651,61807.03391890986
103652,23928.00376864255
103653,30859.115363520206
103654,26080.094533806525
103655,132867.00836759165
103656,-15372.667544042328
103657,56928.82528719899
103658,117841.47869878457
103659,23622.058416819775
103660,36574.96662565471
103661,19483.12488334231
103662,35678.577809754
103663,27978.764932367634
103664,3625.56442795998
103665,94868.73207376478
103666,70810.50343323378
103667,31498.164520402064
103668,34679.860813362706
103669,12283.616927514508
103670,11322.997665958304
103671,11932.977441045616
103672,-6163.997144991714
103673,29641.326055638834
103674,14338.592967534572
103675,12316.976668694631
103676,38422.59951692573
103677,110550.89437995024
103678,78582.45380501884
103679,7474.837021074767
103680,30439.723881774134
103681,34433.87412083044
103682,54315.610253277584
103683,45262.30954335751
103684,74675.75523613105
103685,40611.7117525784
103686,24240.572589116826
103687,4078.0995677537867
103688,65309.85376869084
103689,38014.41745405595
103690,36228.45183823694
103691,7189.787929230115
103692,50222.33246117808
103693,134870.73493403688
103694,29639.88020910748
103695,73106.19262795804
103696,5296.596586990563
103697,27247.406530104567
103698,15579.432334065965
103699,51399.01599122314
103700,8718.407538478044
103701,41804.80637884111
103702,20733.24801018599
103703,51935.28528714641
103704,31613.16492598245
103705,112496.23038595538
103706,79046.37746811428
103707,51243.49924759151
103708,93179.50915442008
103709,94910.55188177577
103710,2462.8631159989527
103711,66566.4259935183
103712,20713.04372381797
103713,69327.00344451734
103714,7528.766920380265
103715,98609.11519969153
103716,21793.009119294966
103717,25418.541100622733
103718,55412.38636880428
103719,6608.68363872201
103720,26126.233414676983
103721,37067.51867338932
103722,55827.19519515215
103723,67925.36848057467
103724,14571.64012010672
103725,41547.246032272895
103726,6723.207050517507
103727,48348.965761243446
103728,32656.3860778553
103729,32899.64208694043
103730,28746.48384089183
103731,39347.20250017116
103732,-2095.9774909680855
103733,5214.349974478624
103734,83381.22845686025
103735,81844.51159750504
103736,29950.573431751596
103737,17879.070372909253
103738,-1976.8099194874667
103739,16897.966778146532
103740,65023.59877782329
103741,18123.842597115734
103742,135465.03094982577
103743,41324.03496123983
103744,20446.839704912985
103745,22069.065451347447
103746,50259.68914657469
103747,25141.030645599545
103748,44403.29051010158
103749,-2518.909244639144
103750,33007.40296125645
103751,76323.30034082677
103752,41251.53348424948
103753,53269.80000461451
103754,180092.8517820925
103755,82415.57047109405
103756,17475.99672866224
103757,8488.880970998223
103758,68683.68991559255
103759,61327.5687548234
103760,12820.556329547879
103761,73848.19233520723
103762,17197.712148591243
103763,20020.25529049459
103764,90855.67851468174
103765,8444.5568034897
103766,7919.568375612202
103767,7528.321684474278
103768,53746.12886590009
103769,51772.678055967815
103770,49301.49801143062
103771,9591.631028910735
103772,42015.14757838349
103773,83568.73144881435
103774,73240.2208578248
103775,33448.9894341529
103776,20376.532796586198
103777,48719.11737652362
103778,76622.19978547277
103779,28675.442758890436
103780,22084.384938707357
103781,13314.44888091681
103782,7198.187350399065
103783,9290.557887625517
103784,39937.65498032917
103785,67918.65670117528
103786,89272.5138192073
103787,7332.629469156687
103788,35707.00320840906
103789,31119.7520442046
103790,102593.1560058939
103791,43987.04374229511
103792,82484.08647883388
103793,39615.35328263725
103794,27271.519893993936
103795,21295.110590687756
103796,20130.393338154383
103797,127160.95997724871
103798,26971.94544475893
103799,23414.89841835886
103800,-1471.9841482648699
103801,6102.522148607866
103802,63114.47088437384
103803,31989.035018901213
103804,26230.82854333432
103805,100323.49222315359
103806,136368.80060970967
103807,113100.9219036742
103808,34366.54651498377
103809,10605.43683157533
103810,11136.797917017888
103811,62640.47421416492
103812,48377.923781745936
103813,8844.566152386236
103814,79712.57816737103
103815,1941.503513202937
103816,29761.43527062124
103817,43511.065136969904
103818,9192.06284388373
103819,81626.14885158525
103820,66714.28114127879
103821,117756.10449495696
103822,22822.55553476849
103823,75048.01199933808
103824,44665.58113691838
103825,32940.73863510546
103826,57530.84696618756
103827,60835.48550805905
103828,48832.217119260546
103829,12134.317258683666
103830,-1409.2500669290966
103831,21323.301860126678
103832,25123.505080324605
103833,16263.60521641351
103834,56948.67561516592
103835,35840.23451220138
103836,60085.10480242129
103837,5262.28765324493
103838,58014.74373926295
103839,52603.36905451493
103840,4442.472608976139
103841,18785.811853400908
103842,134100.19538293214
103843,125069.62922514998
103844,42323.86381935174
103845,81881.164970681
103846,-3590.614167155545
103847,20217.048177486966
103848,2198.7037116777647
103849,19712.313517889113
103850,7822.928016093138
103851,59392.19300976057
103852,45226.43755635942
103853,48082.93653858956
103854,49013.61476023865
103855,23503.329541865598
103856,50836.23797465526
103857,39602.14960120946
103858,79931.16710088609
103859,83769.87479324228
103860,28470.671441444163
103861,36307.989974879834
103862,90030.81498391418
103863,18787.211045552536
103864,66511.3683394627
103865,26420.336760073624
103866,-7837.684653158307
103867,35731.239939277104
103868,37889.144352774776
103869,168407.26020707967
103870,84176.5457570972
103871,81254.10406602184
103872,43600.13613128594
103873,25687.81800281444
103874,15054.940379911171
103875,36724.21356656437
103876,84168.35364714394
103877,23824.733872293335
103878,4593.200771334959
103879,21405.341364660213
103880,66646.47700680309
103881,106134.01162699536
103882,93837.92210348125
103883,53199.75403936308
103884,56520.98065379951
103885,27724.270098068995
103886,594.9638699603092
103887,40055.15091723832
103888,30012.37325926188
103889,15796.130678763595
103890,16750.816638067314
103891,5424.625876185542
103892,9125.976508625725
103893,3992.138205868563
103894,59719.34426555782
103895,13652.855393772617
103896,53474.13807507185
103897,7928.9719170668905
103898,93878.24803198999
103899,67685.99960971253
103900,11372.66027474073
103901,359.737892193647
103902,48691.044223119134
103903,78127.16318395744
103904,9991.720380483232
103905,101364.05011462289
103906,73483.84744307323
103907,73832.48672992991
103908,91151.53440126126
103909,71523.8863221941
103910,19943.382827162408
103911,52392.04803307614
103912,24393.954723698953
103913,52207.472559753674
103914,78187.211083972
103915,23432.476717188852
103916,111264.1842567515
103917,63749.502040209714
103918,128813.9832661525
103919,55014.416650177
103920,38085.33675618699
103921,145947.80315198
103922,70600.55536773233
103923,6079.231095953539
103924,13856.089946182296
103925,12847.288255555635
103926,56034.493841447285
103927,12316.490899741999
103928,119586.21269197275
103929,5934.788218085698
103930,11714.886249763571
103931,106538.63305590293
103932,31167.87072647865
103933,4223.233697118863
103934,63386.25365053545
103935,31838.18121099362
103936,36063.96722682704
103937,136690.50054325824
103938,-27343.27384283002
103939,50775.92022421986
103940,135737.35447592335
103941,98763.6660830371
103942,26624.455061551933
103943,37745.994999791685
103944,44238.91172095954
103945,31705.96513265987
103946,40027.21036211944
103947,48153.31107684455
103948,84148.21294891823
103949,23626.66524248928
103950,11802.773941291613
103951,46235.61263717375
103952,62133.605368594144
103953,67845.50860231316
103954,20484.68068301537
103955,16236.619266192698
103956,42355.98161278978
103957,59786.90792328172
103958,36629.84476013806
103959,36670.77386571426
103960,20068.143644361204
103961,19197.73820249988
103962,23449.26210773974
103963,-968.4345524240853
103964,16508.558963618252
103965,14909.986765380978
103966,11079.016020557974
103967,1268.3138791796664
103968,52570.157768614125
103969,13164.726580644267
103970,30686.151626482064
103971,83827.42378856335
103972,9682.36545442653
103973,24189.574762205782
103974,21779.47465813411
103975,33940.490659238116
103976,65533.17499406879
103977,19937.161951450373
103978,67791.11643571049
103979,4196.204751724006
103980,32320.833303557105
103981,50659.882740011584
103982,17175.759606566287
103983,92544.45027943491
103984,39891.95928256403
103985,3044.4710903788364
103986,71510.368493072
103987,39775.934190454514
103988,59893.56817981599
103989,11282.229842442677
103990,76488.67754331742
103991,1094.5175729075854
103992,29959.850872901243
103993,11712.680283003909
103994,105748.5882511656
103995,31076.9374913888
103996,30937.971861920305
103997,17964.19514995846
103998,214767.07555407914
103999,90925.58882709619
104000,17790.23930909957
104001,12810.899068413899
104002,17924.599640789427
104003,61480.24377608959
104004,72100.42528613594
104005,89627.0647997804
104006,71025.19504452049
104007,52031.544176408985
104008,60998.85299976898
